Date,Category,Product,Region,Sales,Profit,Quantity,Discount
2023-11-24,Books,Novel,East,508.56,119.06,4,0.2
2023-10-07,Books,Dictionary,West,34.3,3.59,1,0.15
2023-01-14,Toys,Doll,West,942.48,112.67,4,0.26
2023-03-23,Furniture,Sofa,East,370.05,89.14,3,0.03
2023-07-14,Books,Comics,East,1469.7,89.45,10,0.14
2023-03-05,Furniture,Chair,East,4450.17,624.84,10,0.06
2023-02-05,Books,Textbook,East,861.11,229.59,2,0.11
2023-08-21,Electronics,Mobile,East,723.38,84.45,6,0.28
2023-11-28,Books,Dictionary,South,3329.83,302.52,9,0.11
2023-11-24,Toys,Doll,East,129.94,7.54,1,0.09
2023-05-18,Books,Textbook,East,1338.44,199.3,4,0.27
2023-08-23,Clothing,Jacket,South,1510.38,279.03,4,0.22
2023-08-08,Toys,Board Game,East,1994.87,168.73,4,0.15
2023-01-25,Books,Textbook,South,2143.93,313.43,7,0.18
2023-08-28,Toys,Puzzle,North,694.44,127.95,2,0.08
2023-11-25,Electronics,Laptop,East,671.41,34.12,7,0.22
2023-05-15,Toys,Doll,North,2120.01,375.06,5,0.06
2023-07-11,Clothing,Shoes,North,1755.95,96.35,10,0.28
2023-06-07,Clothing,T-Shirt,South,4745.36,338.88,10,0.15
2023-02-05,Toys,Doll,South,3795.9,346.5,8,0.16
2023-11-07,Furniture,Table,South,1057.58,230.47,5,0.11
2023-09-22,Furniture,Chair,South,202.93,11.21,4,0.17
2023-10-29,Clothing,T-Shirt,North,129.89,35.9,1,0.26
2023-02-06,Toys,Doll,East,982.67,81.64,8,0.28
2023-10-20,Toys,Board Game,South,3260.79,318.26,8,0.03
2023-08-09,Electronics,Headphones,West,3477.13,220.95,8,0.2
2023-11-27,Books,Novel,West,2425.71,187.55,6,0.06
2023-10-02,Furniture,Table,West,461.11,51.85,3,0.28
2023-08-15,Toys,Car Toy,North,3791.64,1108.1,9,0.28
2023-05-02,Clothing,Dress,West,980.79,147.37,8,0.02
2023-07-14,Books,Magazine,East,1255.36,281.39,8,0.22
2023-10-12,Furniture,Table,South,622.48,40.23,5,0.22
2023-02-01,Electronics,Laptop,North,2488.58,696.42,10,0.16
2023-01-30,Toys,Car Toy,South,611.23,133.74,2,0.07
2023-03-03,Toys,Doll,North,593.52,127.22,10,0.17
2023-06-11,Electronics,Mobile,East,589.98,48.8,4,0.19
2023-08-23,Electronics,Laptop,North,2545.25,485.5,8,0.03
2023-10-03,Clothing,Shoes,East,1403.89,379.35,3,0.26
2023-07-09,Electronics,Mobile,West,3219.29,653.26,9,0.3
2023-12-01,Toys,Car Toy,East,941.37,78.67,2,0.03
2023-02-24,Toys,Doll,East,1551.59,355.94,5,0.06
2023-11-21,Electronics,Camera,West,2272.81,594.4,5,0.03
2023-08-05,Electronics,Laptop,North,2340.82,489.88,6,0.08
2023-08-15,Toys,Board Game,North,112.23,30.39,2,0.27
2023-10-07,Books,Comics,South,568.22,72.2,7,0.27
2023-01-21,Electronics,Mobile,South,379.53,72.1,2,0.26
2023-11-14,Clothing,Jeans,South,1329.24,74.7,3,0.22
2023-06-20,Furniture,Table,East,1193.82,91.95,3,0.26
2023-08-29,Clothing,Jeans,West,998.95,248.58,6,0.07
2023-01-13,Clothing,Dress,East,2174.45,634.34,5,0.08
2023-11-25,Toys,Board Game,East,75.36,22.05,1,0.05
2023-05-16,Books,Novel,West,2218.21,284.86,6,0.18
2023-09-19,Books,Magazine,South,206.53,32.84,5,0.16
2023-10-03,Clothing,Jacket,West,950.92,266.44,2,0.19
2023-12-06,Books,Comics,East,1235.97,277.23,7,0.17
2023-04-09,Furniture,Bed,South,2931.71,444.21,10,0.25
2023-06-05,Electronics,Mobile,West,3111.98,406.31,10,0.13
2023-12-12,Clothing,Shoes,West,1008.75,122.0,3,0.2
2023-11-14,Electronics,Laptop,South,639.14,63.77,5,0.01
2023-05-06,Furniture,Cabinet,North,1751.45,363.32,8,0.06
2023-12-23,Furniture,Bed,West,363.34,80.63,4,0.27
2023-02-24,Furniture,Table,South,2186.86,414.09,9,0.28
2023-03-04,Furniture,Table,West,4447.7,884.48,9,0.29
2023-08-15,Toys,Lego,West,2106.35,189.13,9,0.26
2023-08-19,Electronics,Mobile,East,2273.46,249.65,9,0.13
2023-05-27,Clothing,Jacket,East,2691.92,188.82,6,0.05
2023-07-16,Clothing,Jeans,North,1509.53,280.25,7,0.12
2023-04-16,Furniture,Bed,North,2025.83,104.28,10,0.11
2023-07-19,Furniture,Cabinet,South,1002.58,159.37,8,0.01
2023-06-22,Furniture,Table,West,1472.24,270.2,3,0.27
2023-10-31,Toys,Car Toy,North,595.95,98.58,7,0.02
2023-07-14,Electronics,Mobile,West,1092.0,294.74,6,0.08
2023-08-04,Electronics,Laptop,West,379.53,23.92,1,0.29
2023-04-25,Books,Novel,North,462.77,25.5,4,0.05
2023-03-06,Furniture,Chair,South,2845.95,687.94,8,0.05
2023-11-07,Books,Textbook,East,595.54,168.07,2,0.17
2023-07-12,Furniture,Table,North,3514.95,726.93,10,0.03
2023-06-04,Toys,Car Toy,North,1654.31,356.31,6,0.02
2023-11-28,Electronics,Laptop,West,565.27,164.04,8,0.19
2023-08-24,Clothing,Dress,South,4350.85,511.31,9,0.24
2023-10-03,Furniture,Bed,West,1488.3,391.32,10,0.25
2023-02-14,Electronics,Headphones,South,2348.22,509.67,8,0.1
2023-09-11,Electronics,Mobile,West,761.26,87.23,4,0.08
2023-11-02,Electronics,Camera,North,4275.63,305.29,9,0.22
2023-09-08,Toys,Doll,West,1880.99,102.16,8,0.09
2023-07-27,Clothing,Jacket,East,2285.34,310.67,8,0.3
2023-10-09,Electronics,Tablet,West,835.9,89.97,5,0.22
2023-06-11,Books,Dictionary,South,495.46,84.75,4,0.22
2023-09-26,Toys,Puzzle,North,648.79,90.97,4,0.09
2023-12-29,Toys,Doll,East,487.66,91.85,1,0.21
2023-03-06,Furniture,Chair,North,1564.83,265.52,10,0.1
2023-01-27,Electronics,Headphones,North,424.68,29.1,2,0.19
2023-01-28,Clothing,Jeans,East,994.16,79.15,2,0.23
2023-11-07,Toys,Lego,South,1823.23,505.26,9,0.09
2023-10-29,Furniture,Sofa,North,4808.52,359.72,10,0.23
2023-11-17,Clothing,Jacket,North,405.41,76.22,3,0.05
2023-07-29,Furniture,Cabinet,West,178.34,21.76,5,0.08
2023-08-21,Books,Textbook,East,3373.68,956.16,10,0.13
2023-10-06,Clothing,Jeans,East,162.83,14.9,3,0.09
2023-10-19,Electronics,Headphones,North,2804.52,630.83,8,0.28
2023-09-14,Toys,Board Game,West,614.12,167.26,2,0.22
2023-11-06,Electronics,Laptop,North,1926.87,499.04,4,0.17
2023-01-11,Electronics,Camera,North,737.52,157.0,3,0.27
2023-04-03,Toys,Board Game,West,491.21,74.71,2,0.1
2023-02-23,Clothing,Jacket,West,1266.76,362.67,8,0.24
2023-10-09,Books,Magazine,North,846.91,66.89,6,0.23
2023-09-21,Books,Dictionary,West,322.13,57.86,7,0.19
2023-09-13,Furniture,Chair,South,1418.13,399.8,5,0.13
2023-12-24,Furniture,Chair,North,4036.71,918.13,10,0.09
2023-01-08,Toys,Board Game,North,1985.13,552.33,4,0.14
2023-03-02,Clothing,Dress,East,3227.38,496.61,9,0.14
2023-08-30,Clothing,Dress,South,780.45,155.97,7,0.22
2023-03-11,Books,Comics,West,2810.64,497.3,6,0.25
2023-05-25,Electronics,Camera,West,703.03,120.28,3,0.1
2023-10-06,Furniture,Bed,East,1963.09,215.35,4,0.11
2023-07-30,Books,Comics,West,1437.22,310.33,7,0.25
2023-03-19,Furniture,Chair,South,4350.33,578.59,9,0.03
2023-08-14,Books,Dictionary,West,366.77,55.93,1,0.2
2023-03-21,Books,Magazine,East,1914.99,286.04,6,0.02
2023-06-18,Toys,Board Game,East,3509.95,207.0,8,0.02
2023-11-20,Electronics,Mobile,North,3427.21,822.85,7,0.21
2023-02-21,Furniture,Table,East,42.08,10.48,1,0.09
2023-07-11,Furniture,Table,South,1960.06,432.1,9,0.05
2023-03-31,Books,Dictionary,West,3479.05,606.8,10,0.17
2023-04-29,Furniture,Sofa,West,1700.42,467.15,5,0.14
2023-05-28,Toys,Doll,North,3789.7,1125.21,8,0.09
2023-08-06,Electronics,Headphones,East,1998.8,526.35,4,0.03
2023-07-15,Toys,Puzzle,East,152.66,39.31,5,0.12
2023-01-05,Toys,Car Toy,West,1961.78,210.95,5,0.24
2023-04-23,Clothing,Shoes,East,964.68,266.11,3,0.19
2023-06-08,Furniture,Chair,East,189.79,23.49,3,0.22
2023-03-31,Clothing,Jeans,East,2347.75,277.34,9,0.05
2023-09-04,Electronics,Tablet,North,3857.51,328.62,8,0.29
2023-12-13,Furniture,Cabinet,East,799.05,42.73,2,0.16
2023-08-21,Electronics,Tablet,West,432.04,46.86,6,0.01
2023-10-15,Electronics,Camera,South,649.99,107.94,2,0.21
2023-11-29,Furniture,Chair,South,474.21,59.79,1,0.15
2023-02-19,Clothing,Shoes,South,1664.24,362.17,7,0.22
2023-10-04,Furniture,Cabinet,South,2340.54,604.85,7,0.18
2023-05-24,Books,Comics,South,1867.63,203.62,8,0.11
2023-12-18,Electronics,Camera,East,211.11,20.57,1,0.04
2023-08-21,Books,Textbook,North,397.66,44.1,1,0.04
2023-10-17,Clothing,T-Shirt,South,1236.57,330.69,10,0.1
2023-03-17,Toys,Car Toy,East,1482.04,274.26,3,0.24
2023-02-26,Books,Textbook,North,2395.16,262.23,6,0.1
2023-03-31,Electronics,Laptop,South,1907.65,451.0,7,0.14
2023-07-05,Toys,Lego,North,2094.74,599.84,8,0.01
2023-12-04,Toys,Puzzle,West,49.2,8.35,1,0.12
2023-12-18,Books,Magazine,West,903.3,117.91,2,0.04
2023-03-06,Electronics,Camera,East,3481.95,635.94,7,0.14
2023-11-06,Furniture,Chair,North,3294.03,341.77,9,0.14
2023-04-27,Furniture,Sofa,West,1537.73,113.44,7,0.13
2023-12-07,Electronics,Tablet,South,417.79,107.77,8,0.03
2023-02-19,Electronics,Mobile,North,4791.8,912.46,10,0.2
2023-07-30,Electronics,Headphones,North,1540.98,212.52,5,0.17
2023-04-19,Clothing,Dress,South,376.11,71.11,2,0.03
2023-05-23,Toys,Doll,West,4390.04,1117.73,9,0.18
2023-11-26,Toys,Car Toy,East,106.6,24.06,1,0.09
2023-06-23,Electronics,Laptop,South,875.5,131.5,3,0.04
2023-11-21,Books,Novel,South,1550.64,209.68,7,0.11
2023-06-16,Toys,Lego,North,94.68,22.59,1,0.01
2023-02-11,Electronics,Headphones,West,2491.17,382.51,8,0.06
2023-09-20,Books,Comics,West,311.92,68.5,2,0.15
2023-12-08,Electronics,Laptop,South,3447.74,219.61,7,0.06
2023-04-19,Clothing,Jacket,East,465.55,81.17,6,0.13
2023-03-08,Furniture,Cabinet,South,2593.69,562.86,9,0.11
2023-07-23,Books,Magazine,North,3697.26,981.72,8,0.17
2023-10-21,Furniture,Bed,East,428.83,125.03,2,0.05
2023-11-13,Furniture,Sofa,North,2977.47,329.99,7,0.18
2023-09-26,Books,Magazine,East,758.13,185.57,6,0.02
2023-11-21,Books,Dictionary,South,1131.17,327.54,6,0.19
2023-03-17,Clothing,T-Shirt,South,573.45,115.03,5,0.23
2023-12-02,Books,Textbook,West,3057.07,733.6,8,0.13
2023-10-17,Toys,Puzzle,East,693.26,115.93,3,0.19
2023-05-21,Toys,Car Toy,East,500.5,82.8,9,0.01
2023-07-08,Electronics,Laptop,North,3051.58,445.9,10,0.17
2023-01-22,Furniture,Cabinet,South,1862.42,326.56,6,0.29
2023-08-19,Books,Comics,North,2971.27,177.64,9,0.21
2023-08-13,Toys,Lego,South,1193.81,144.12,6,0.12
2023-06-23,Toys,Car Toy,East,356.5,67.55,2,0.12
2023-05-10,Toys,Doll,East,599.43,51.17,2,0.1
2023-12-02,Furniture,Table,North,1441.41,303.95,5,0.1
2023-03-07,Toys,Car Toy,West,1743.1,245.17,9,0.05
2023-04-20,Electronics,Headphones,South,1999.96,177.47,4,0.09
2023-02-21,Toys,Lego,North,2644.01,540.72,6,0.18
2023-03-20,Clothing,Jeans,South,327.78,46.24,8,0.22
2023-08-16,Toys,Puzzle,West,1105.3,140.78,4,0.24
2023-08-29,Clothing,Jacket,West,3114.64,761.63,8,0.15
2023-08-03,Clothing,Jeans,South,225.23,38.32,5,0.11
2023-02-22,Toys,Car Toy,East,772.59,91.32,2,0.27
2023-03-17,Furniture,Chair,South,3556.98,1005.27,8,0.12
2023-07-22,Toys,Puzzle,South,3481.61,500.41,7,0.01
2023-02-20,Electronics,Mobile,South,157.7,40.6,1,0.21
2023-03-13,Furniture,Bed,North,58.24,6.05,2,0.04
2023-11-08,Toys,Board Game,North,670.34,53.94,5,0.07
2023-11-24,Toys,Board Game,North,843.22,147.53,2,0.16
2023-11-20,Toys,Lego,South,479.43,24.16,3,0.11
2023-10-20,Furniture,Table,North,4390.51,293.81,9,0.16
2023-09-17,Toys,Lego,North,3074.39,187.18,7,0.12
2023-07-11,Electronics,Laptop,East,371.01,86.53,2,0.19
2023-10-25,Electronics,Mobile,North,1692.52,428.85,6,0.05
2023-12-17,Furniture,Bed,South,150.86,36.82,3,0.14
2023-05-31,Clothing,T-Shirt,South,171.49,21.87,1,0.12
2023-10-06,Furniture,Sofa,North,629.33,167.11,4,0.01
2023-12-02,Electronics,Tablet,North,1378.42,206.77,6,0.13
2023-07-17,Electronics,Mobile,West,1570.61,391.59,8,0.08
2023-02-12,Furniture,Chair,West,4976.47,473.33,10,0.09
2023-02-22,Books,Comics,East,1170.2,268.46,5,0.05
2023-08-16,Electronics,Headphones,North,1890.77,300.13,6,0.19
2023-01-30,Books,Magazine,East,3640.73,800.42,9,0.29
2023-03-15,Toys,Board Game,North,156.82,38.36,3,0.11
2023-07-16,Toys,Car Toy,South,3803.48,543.91,8,0.23
2023-10-21,Clothing,Shoes,East,1196.34,143.17,7,0.29
2023-01-14,Clothing,Dress,West,688.73,167.87,9,0.21
2023-04-20,Toys,Puzzle,West,315.46,83.03,4,0.14
2023-08-16,Books,Comics,East,568.0,69.63,2,0.09
2023-03-22,Clothing,Jacket,South,985.73,244.48,2,0.07
2023-09-10,Books,Comics,East,3246.06,609.97,8,0.18
2023-02-14,Books,Comics,West,2178.67,527.87,8,0.25
2023-02-07,Clothing,Jacket,North,1948.8,349.5,8,0.04
2023-10-10,Toys,Doll,South,1829.62,488.61,7,0.25
2023-09-23,Clothing,Jacket,South,524.63,119.27,3,0.1
2023-09-23,Electronics,Laptop,East,1299.31,243.89,4,0.04
2023-06-05,Toys,Lego,North,2949.07,583.77,9,0.17
2023-03-29,Toys,Lego,East,397.73,105.77,10,0.02
2023-11-25,Toys,Puzzle,South,2199.62,461.37,10,0.15
2023-11-18,Toys,Puzzle,East,1100.33,277.1,8,0.12
2023-08-21,Books,Novel,South,1755.99,291.69,8,0.1
2023-03-15,Electronics,Tablet,East,579.37,82.64,7,0.17
2023-06-13,Clothing,Dress,North,1179.03,100.48,5,0.02
2023-07-16,Toys,Board Game,South,1231.41,349.03,3,0.22
2023-04-08,Clothing,Dress,West,3535.65,616.41,8,0.03
2023-07-21,Toys,Board Game,South,1200.02,74.6,4,0.08
2023-11-02,Furniture,Sofa,North,453.69,122.77,2,0.22
2023-07-26,Electronics,Laptop,West,293.74,28.98,1,0.17
2023-02-07,Furniture,Cabinet,West,1388.39,412.73,9,0.2
2023-03-02,Clothing,T-Shirt,West,2409.3,324.7,6,0.28
2023-03-15,Clothing,Shoes,West,353.9,21.14,9,0.21
2023-08-31,Toys,Board Game,South,4487.03,381.15,10,0.28
2023-06-13,Clothing,Dress,East,1814.59,466.48,10,0.16
2023-12-29,Toys,Puzzle,West,196.81,42.99,1,0.29
2023-10-26,Electronics,Laptop,West,2420.97,594.9,5,0.23
2023-10-23,Clothing,T-Shirt,West,814.89,187.67,3,0.23
2023-07-14,Clothing,Jeans,North,4751.38,368.11,10,0.01
2023-06-10,Furniture,Table,West,867.92,211.55,4,0.28
2023-02-01,Clothing,Shoes,South,1584.21,341.49,9,0.16
2023-06-10,Clothing,Dress,East,1710.52,415.65,9,0.22
2023-11-26,Electronics,Camera,West,1918.09,229.69,4,0.09
2023-06-02,Electronics,Mobile,West,1501.83,285.53,6,0.28
2023-05-21,Electronics,Laptop,West,2889.75,834.13,7,0.24
2023-05-29,Books,Comics,North,2781.15,595.15,6,0.22
2023-04-20,Clothing,Shoes,East,3187.46,268.76,9,0.18
2023-10-28,Clothing,Jeans,North,1154.9,124.97,9,0.03
2023-06-19,Furniture,Chair,South,482.97,142.22,1,0.05
2023-12-01,Furniture,Bed,South,870.8,184.15,5,0.27
2023-02-15,Toys,Doll,North,661.75,171.66,3,0.28
2023-01-19,Furniture,Bed,South,2204.18,115.32,5,0.17
2023-02-24,Electronics,Tablet,West,2445.06,665.83,9,0.04
2023-09-16,Furniture,Sofa,South,357.46,83.21,2,0.19
2023-04-06,Books,Comics,East,3437.13,337.84,10,0.18
2023-11-24,Furniture,Bed,East,424.8,31.37,2,0.29
2023-09-02,Electronics,Mobile,North,1020.58,165.01,5,0.08
2023-06-18,Electronics,Camera,North,1668.84,372.47,5,0.02
2023-03-02,Furniture,Sofa,South,2445.21,686.56,7,0.27
2023-06-09,Books,Comics,East,1260.08,364.59,10,0.14
2023-08-21,Toys,Puzzle,West,4123.28,986.86,9,0.24
2023-04-22,Clothing,Shoes,North,2109.95,476.73,9,0.02
2023-10-16,Books,Novel,South,2775.97,252.99,10,0.26
2023-08-15,Books,Textbook,West,902.93,145.71,2,0.02
2023-03-09,Toys,Board Game,West,477.14,79.01,10,0.24
2023-01-12,Furniture,Sofa,North,1190.36,73.0,4,0.1
2023-02-02,Toys,Car Toy,North,281.86,42.9,8,0.23
2023-11-25,Furniture,Sofa,West,3499.34,968.24,8,0.11
2023-12-16,Toys,Doll,East,211.33,38.95,2,0.16
2023-04-25,Books,Novel,East,2746.24,511.11,8,0.16
2023-04-28,Clothing,Dress,East,456.94,129.93,3,0.22
2023-02-27,Books,Magazine,North,475.68,35.78,4,0.01
2023-11-03,Books,Textbook,North,1614.92,298.66,7,0.23
2023-01-29,Clothing,Shoes,East,1646.31,383.39,4,0.1
2023-11-03,Electronics,Mobile,East,1479.4,266.75,3,0.12
2023-05-21,Books,Dictionary,South,2007.66,123.91,7,0.1
2023-11-26,Furniture,Cabinet,East,1511.75,188.93,7,0.06
2023-10-03,Furniture,Table,South,2158.1,185.79,5,0.14
2023-01-30,Toys,Board Game,West,2469.56,363.28,9,0.08
2023-06-19,Books,Magazine,East,554.21,142.63,2,0.02
2023-07-13,Toys,Lego,North,220.64,53.05,2,0.22
2023-10-14,Clothing,Dress,South,993.18,275.36,6,0.06
2023-04-08,Books,Magazine,South,3578.09,533.7,10,0.07
2023-06-14,Electronics,Headphones,West,2982.48,379.09,9,0.11
2023-09-12,Furniture,Chair,West,2753.27,392.83,6,0.12
2023-10-16,Clothing,Jeans,North,1427.95,279.89,5,0.22
2023-06-01,Clothing,Jeans,East,809.29,209.07,4,0.15
2023-12-02,Electronics,Tablet,West,1929.58,449.96,8,0.11
2023-03-13,Toys,Board Game,South,4458.2,1289.8,9,0.16
2023-02-08,Books,Novel,West,1273.26,137.33,3,0.21
2023-01-05,Clothing,Shoes,West,294.1,61.59,6,0.28
2023-09-05,Furniture,Chair,North,2563.1,135.75,9,0.16
2023-05-21,Toys,Puzzle,North,3692.84,806.92,9,0.24
2023-04-02,Books,Novel,South,448.51,81.46,4,0.24
2023-05-17,Furniture,Chair,East,1682.23,186.39,7,0.21
2023-06-03,Books,Novel,North,1414.33,266.14,7,0.02
2023-01-05,Clothing,T-Shirt,West,2306.89,306.4,7,0.29
2023-02-18,Toys,Car Toy,South,1810.44,403.86,4,0.17
2023-05-19,Books,Novel,East,2614.36,152.22,9,0.28
2023-06-11,Books,Textbook,South,3261.02,407.04,7,0.17
2023-10-18,Furniture,Cabinet,East,2678.85,227.67,7,0.3
2023-02-10,Toys,Puzzle,North,459.6,119.34,2,0.1
2023-11-11,Toys,Board Game,East,324.38,79.76,1,0.14
2023-04-27,Electronics,Camera,West,764.08,150.12,7,0.11
2023-11-13,Electronics,Mobile,North,297.25,43.1,2,0.24
2023-03-20,Furniture,Sofa,East,127.86,36.53,2,0.13
2023-05-19,Books,Textbook,North,680.61,128.8,3,0.15
2023-02-22,Books,Novel,East,582.04,116.12,9,0.1
2023-07-17,Books,Comics,West,2758.01,637.68,7,0.17
2023-05-05,Toys,Lego,South,709.53,83.18,7,0.08
2023-03-16,Books,Textbook,West,1110.65,189.99,5,0.02
2023-05-09,Clothing,Dress,South,570.77,72.01,8,0.28
2023-06-20,Toys,Board Game,East,1445.39,366.94,8,0.26
2023-11-01,Clothing,Jacket,East,4746.94,475.7,10,0.09
2023-07-23,Electronics,Tablet,West,3953.48,519.77,10,0.08
2023-07-21,Electronics,Laptop,South,4986.87,473.66,10,0.23
2023-01-14,Furniture,Table,West,2095.08,140.98,5,0.25
2023-07-29,Furniture,Table,East,565.15,50.04,4,0.13
2023-07-13,Books,Magazine,West,2123.86,375.19,10,0.28
2023-12-21,Furniture,Cabinet,North,2140.71,541.76,6,0.18
2023-02-13,Books,Textbook,East,991.68,60.57,3,0.3
2023-12-13,Furniture,Sofa,West,50.13,5.75,2,0.15
2023-09-23,Toys,Lego,South,1596.62,264.66,8,0.2
2023-12-20,Toys,Doll,East,251.73,31.18,1,0.28
2023-02-13,Books,Textbook,East,923.36,227.21,5,0.16
2023-06-28,Furniture,Chair,West,1384.61,173.17,8,0.24
2023-02-28,Books,Comics,North,1399.09,328.96,3,0.15
2023-10-10,Clothing,Jacket,West,1050.33,158.87,8,0.06
2023-11-24,Furniture,Bed,North,4438.87,720.84,10,0.13
2023-01-03,Clothing,Jeans,East,594.25,148.49,2,0.16
2023-07-07,Electronics,Mobile,West,291.86,77.54,2,0.16
2023-11-24,Electronics,Camera,West,2084.21,163.73,10,0.11
2023-08-23,Toys,Doll,East,3032.81,661.24,10,0.09
2023-05-03,Electronics,Laptop,South,2117.1,376.22,6,0.13
2023-03-12,Toys,Board Game,West,760.81,140.25,3,0.28
2023-03-30,Toys,Doll,West,436.71,56.18,5,0.14
2023-01-28,Electronics,Laptop,West,340.99,49.78,3,0.17
2023-12-01,Furniture,Bed,West,2526.08,406.61,7,0.05
2023-10-17,Books,Textbook,East,151.93,28.02,1,0.05
2023-08-23,Toys,Board Game,North,748.19,182.39,10,0.25
2023-07-07,Toys,Car Toy,West,1124.1,175.68,9,0.22
2023-12-01,Clothing,Jacket,North,1169.21,310.48,8,0.03
2023-03-02,Clothing,Jeans,East,3237.3,296.2,10,0.04
2023-04-16,Clothing,T-Shirt,East,1394.29,257.51,9,0.1
2023-12-27,Electronics,Tablet,East,4437.31,975.43,9,0.03
2023-07-30,Books,Comics,South,419.54,95.59,3,0.25
2023-12-13,Furniture,Bed,South,3235.53,669.6,10,0.11
2023-02-08,Books,Magazine,East,1429.52,245.89,6,0.17
2023-02-17,Furniture,Sofa,North,1898.13,554.31,9,0.25
2023-09-11,Electronics,Tablet,East,1696.25,140.19,6,0.26
2023-06-25,Books,Novel,North,222.52,62.83,8,0.05
2023-08-22,Books,Magazine,South,1330.29,166.91,3,0.26
2023-05-21,Books,Comics,East,396.97,109.54,2,0.05
2023-07-22,Electronics,Mobile,West,715.55,35.97,2,0.14
2023-03-09,Toys,Doll,West,23.87,3.24,1,0.04
2023-08-05,Clothing,Dress,North,815.49,189.76,4,0.03
2023-06-10,Electronics,Tablet,South,2738.83,652.63,7,0.04
2023-12-13,Clothing,T-Shirt,North,3320.1,531.3,10,0.22
2023-11-18,Clothing,Dress,West,246.44,18.51,4,0.23
2023-10-29,Furniture,Sofa,West,2398.3,268.48,6,0.19
2023-05-08,Toys,Lego,East,426.99,91.63,1,0.09
2023-09-23,Toys,Lego,South,1133.02,72.11,7,0.27
2023-05-03,Furniture,Bed,North,1039.2,206.26,4,0.16
2023-01-07,Electronics,Tablet,South,3032.34,582.5,7,0.11
2023-12-16,Clothing,Dress,North,301.93,16.14,1,0.06
2023-01-31,Furniture,Cabinet,East,3493.92,544.68,9,0.12
2023-11-24,Toys,Lego,South,300.63,20.97,5,0.28
2023-03-21,Toys,Puzzle,West,3244.61,839.16,10,0.2
2023-02-03,Electronics,Headphones,South,137.35,38.62,1,0.03
2023-11-10,Toys,Car Toy,East,232.0,52.66,3,0.21
2023-03-25,Furniture,Sofa,East,595.49,141.4,3,0.26
2023-03-02,Books,Comics,West,1357.25,157.08,5,0.29
2023-11-18,Books,Magazine,West,1735.74,303.59,9,0.17
2023-07-08,Clothing,Jacket,North,3435.78,270.85,10,0.22
2023-01-02,Books,Novel,South,246.45,35.92,1,0.05
2023-01-19,Toys,Board Game,South,835.0,232.93,6,0.1
2023-02-09,Toys,Puzzle,North,3088.77,195.11,9,0.07
2023-09-22,Books,Magazine,North,3485.56,848.32,8,0.09
2023-02-14,Toys,Board Game,North,697.93,133.27,6,0.09
2023-11-15,Clothing,Dress,East,4864.92,1456.78,10,0.23
2023-10-07,Clothing,Jeans,North,220.34,40.85,7,0.19
2023-12-22,Books,Comics,North,2992.66,693.71,7,0.03
2023-09-29,Clothing,Dress,West,486.83,41.67,1,0.08
2023-01-23,Clothing,Shoes,West,1440.36,341.33,6,0.17
2023-09-16,Clothing,Dress,North,2925.54,464.42,10,0.29
2023-05-02,Electronics,Tablet,East,2494.44,583.3,7,0.1
2023-05-20,Clothing,T-Shirt,South,1183.11,232.1,3,0.05
2023-03-26,Furniture,Bed,East,545.68,76.16,7,0.23
2023-08-20,Electronics,Headphones,East,126.8,31.94,2,0.09
2023-12-27,Toys,Car Toy,South,547.17,124.64,6,0.29
2023-07-22,Toys,Car Toy,East,2068.22,193.31,5,0.29
2023-08-20,Toys,Lego,South,483.56,121.36,2,0.04
2023-01-07,Books,Textbook,South,1661.45,237.69,4,0.19
2023-11-27,Books,Dictionary,East,60.93,4.03,2,0.27
2023-08-16,Clothing,T-Shirt,East,80.99,13.38,2,0.05
2023-10-21,Furniture,Bed,West,203.71,31.91,1,0.11
2023-04-06,Electronics,Tablet,West,109.9,22.51,3,0.07
2023-06-01,Furniture,Bed,West,62.11,9.05,1,0.13
2023-11-26,Toys,Doll,North,2767.24,386.8,7,0.16
2023-09-06,Electronics,Camera,East,1048.66,59.27,7,0.18
2023-01-16,Electronics,Laptop,West,1724.11,337.92,9,0.07
2023-03-23,Books,Textbook,South,1380.85,342.19,5,0.22
2023-04-23,Toys,Board Game,East,313.58,62.13,3,0.24
2023-12-24,Electronics,Camera,North,2848.97,543.87,6,0.17
2023-04-07,Furniture,Cabinet,East,766.23,55.6,3,0.07
2023-04-23,Books,Dictionary,West,179.23,36.48,1,0.24
2023-06-24,Clothing,Jacket,North,90.9,20.56,1,0.04
2023-02-26,Toys,Puzzle,North,2149.07,463.2,6,0.18
2023-06-22,Electronics,Tablet,South,1114.59,177.46,3,0.19
2023-09-07,Electronics,Mobile,East,1357.82,344.36,4,0.11
2023-12-19,Electronics,Mobile,South,475.42,136.53,1,0.12
2023-10-18,Books,Textbook,East,1260.3,241.21,10,0.28
2023-03-14,Electronics,Laptop,South,2949.25,271.25,6,0.27
2023-02-15,Electronics,Headphones,North,603.24,134.7,5,0.11
2023-02-25,Books,Novel,West,2973.12,868.97,8,0.27
2023-09-10,Furniture,Sofa,West,835.65,206.56,2,0.17
2023-12-18,Clothing,Jeans,West,807.23,47.1,2,0.01
2023-05-14,Books,Novel,East,1338.62,120.78,3,0.02
2023-02-17,Electronics,Camera,West,227.04,48.45,1,0.18
2023-08-11,Clothing,T-Shirt,North,711.99,69.42,6,0.21
2023-10-04,Electronics,Tablet,East,264.16,39.16,4,0.16
2023-09-09,Clothing,T-Shirt,East,225.25,27.85,1,0.2
2023-11-04,Furniture,Table,North,119.34,25.01,1,0.29
2023-08-31,Books,Comics,West,2038.13,438.73,8,0.03
2023-10-06,Furniture,Table,East,1381.19,222.98,7,0.08
2023-08-27,Electronics,Mobile,East,495.87,118.05,10,0.2
2023-02-13,Electronics,Camera,West,1292.06,84.3,10,0.12
2023-09-25,Furniture,Cabinet,West,4431.94,749.29,10,0.02
2023-01-18,Toys,Lego,South,951.28,154.35,2,0.28
2023-03-27,Clothing,Jeans,South,223.22,66.31,1,0.13
2023-11-18,Clothing,Shoes,East,2743.12,764.08,6,0.02
2023-07-18,Toys,Board Game,East,1347.25,376.27,5,0.0
2023-12-25,Toys,Lego,West,437.86,38.12,2,0.18
2023-02-21,Books,Dictionary,North,2181.94,589.2,5,0.26
2023-05-16,Furniture,Bed,West,102.66,15.48,1,0.19
2023-12-15,Furniture,Chair,West,2108.68,131.42,6,0.14
2023-05-18,Electronics,Laptop,East,846.28,220.64,5,0.26
2023-12-17,Books,Textbook,South,2438.13,392.0,5,0.25
2023-05-18,Furniture,Cabinet,North,928.1,258.34,4,0.12
2023-09-06,Toys,Puzzle,North,3599.24,239.0,9,0.21
2023-07-26,Clothing,Shoes,North,337.58,87.17,3,0.25
2023-05-08,Books,Magazine,North,2149.35,254.69,6,0.25
2023-09-16,Furniture,Chair,North,795.14,157.84,4,0.05
2023-08-31,Toys,Lego,East,590.92,161.69,6,0.22
2023-12-19,Books,Comics,North,306.83,80.84,7,0.23
2023-04-20,Clothing,Jeans,South,1663.81,296.69,5,0.26
2023-12-16,Books,Magazine,South,925.64,48.24,3,0.08
2023-06-06,Electronics,Headphones,West,1441.91,150.75,6,0.09
2023-09-24,Toys,Board Game,North,265.53,57.25,1,0.25
2023-07-11,Toys,Lego,East,1742.59,297.0,5,0.1
2023-05-22,Electronics,Tablet,East,552.06,99.0,5,0.07
2023-01-30,Toys,Board Game,East,1098.65,234.95,3,0.3
2023-05-13,Furniture,Bed,West,299.85,89.56,1,0.24
2023-06-25,Clothing,Shoes,West,1581.07,413.22,6,0.25
2023-10-13,Clothing,Jacket,North,651.31,74.68,8,0.24
2023-04-04,Electronics,Laptop,South,763.18,204.42,6,0.13
2023-06-19,Electronics,Tablet,East,3428.66,574.76,8,0.26
2023-10-26,Toys,Lego,North,3575.4,626.12,8,0.26
2023-07-15,Toys,Puzzle,West,438.01,38.41,1,0.3
2023-06-25,Furniture,Cabinet,West,515.59,118.03,3,0.23
2023-09-07,Electronics,Mobile,East,22.26,2.64,1,0.23
2023-03-28,Toys,Doll,West,164.23,26.02,2,0.13
2023-08-08,Furniture,Bed,North,276.22,64.27,1,0.29
2023-06-14,Toys,Doll,North,320.81,36.0,1,0.21
2023-06-26,Electronics,Mobile,North,1831.21,231.7,7,0.02
2023-01-24,Electronics,Tablet,West,2756.32,370.61,9,0.27
2023-03-10,Electronics,Headphones,East,396.58,109.74,4,0.24
2023-01-10,Clothing,Jeans,South,1489.43,294.05,4,0.05
2023-07-07,Books,Magazine,East,2871.94,570.03,9,0.01
2023-02-25,Books,Novel,North,1632.9,132.1,7,0.08
2023-12-26,Clothing,Jeans,North,1110.09,83.53,5,0.16
2023-11-15,Toys,Doll,West,531.12,108.57,2,0.08
2023-02-24,Furniture,Table,South,2095.6,614.6,5,0.11
2023-07-29,Electronics,Mobile,North,2324.25,236.9,9,0.28
2023-06-19,Clothing,T-Shirt,North,910.6,235.67,2,0.2
2023-03-18,Books,Dictionary,North,908.59,191.79,2,0.14
2023-06-01,Electronics,Headphones,North,820.65,220.37,2,0.26
2023-07-04,Electronics,Headphones,North,857.2,233.65,2,0.0
2023-03-12,Clothing,Jacket,East,3827.54,448.12,8,0.22
2023-07-10,Electronics,Mobile,North,1484.84,243.71,7,0.25
2023-12-20,Furniture,Bed,South,167.21,38.73,2,0.29
2023-03-23,Books,Magazine,West,3456.29,329.44,10,0.11
2023-07-03,Toys,Car Toy,South,3694.33,289.02,8,0.12
2023-01-24,Books,Comics,East,358.19,78.62,1,0.23
2023-10-23,Toys,Doll,East,2439.81,549.31,9,0.03
2023-12-05,Clothing,Dress,East,639.48,164.1,7,0.27
2023-11-10,Books,Novel,South,3847.01,1011.64,9,0.26
2023-02-08,Furniture,Sofa,South,2914.02,182.38,6,0.07
2023-11-26,Furniture,Bed,South,480.73,120.33,2,0.13
2023-09-13,Furniture,Sofa,North,3021.72,164.51,8,0.12
2023-01-19,Toys,Lego,North,800.11,232.67,2,0.19
2023-09-18,Toys,Doll,West,1166.43,74.15,6,0.07
2023-08-21,Electronics,Camera,West,2181.83,171.29,6,0.23
2023-04-24,Books,Comics,East,1414.46,202.94,5,0.03
2023-03-26,Furniture,Table,West,284.12,28.12,2,0.04
2023-07-21,Clothing,Dress,South,430.37,66.11,6,0.28
2023-12-11,Toys,Car Toy,West,2688.47,777.1,8,0.04
2023-09-13,Books,Dictionary,North,4220.53,1096.09,9,0.14
2023-09-18,Clothing,Shoes,South,209.12,44.83,3,0.18
2023-06-14,Toys,Board Game,West,4596.37,1105.86,10,0.08
2023-06-25,Electronics,Headphones,South,654.35,147.23,3,0.22
2023-06-03,Toys,Puzzle,South,482.65,110.33,4,0.21
2023-12-11,Clothing,Jeans,East,770.34,146.8,2,0.17
2023-12-08,Furniture,Cabinet,East,2855.9,516.01,7,0.01
2023-03-16,Books,Novel,South,1900.44,171.48,5,0.09
2023-05-09,Clothing,T-Shirt,East,1526.9,88.68,4,0.24
2023-02-22,Toys,Lego,South,1859.99,330.58,9,0.24
2023-12-23,Electronics,Laptop,West,1539.66,380.34,7,0.21
2023-10-10,Books,Novel,East,1271.48,311.81,4,0.26
2023-04-26,Electronics,Camera,South,644.82,60.84,4,0.2
2023-04-06,Clothing,Shoes,North,276.53,33.12,7,0.08
2023-03-24,Toys,Puzzle,North,1463.03,416.05,6,0.01
2023-06-15,Toys,Car Toy,East,3193.25,598.86,8,0.02
2023-12-29,Electronics,Camera,South,809.67,199.64,3,0.05
2023-10-06,Toys,Board Game,North,757.05,78.23,6,0.1
2023-07-04,Electronics,Mobile,West,3738.33,1103.87,9,0.0
2023-12-09,Electronics,Headphones,South,4609.32,511.44,10,0.01
2023-06-14,Furniture,Chair,West,1396.57,168.58,5,0.27
2023-07-11,Toys,Lego,West,328.39,90.17,8,0.06
2023-09-21,Books,Novel,South,2483.45,513.41,9,0.06
2023-11-19,Clothing,Dress,North,1112.49,251.07,4,0.29
2023-08-11,Books,Textbook,North,2912.77,173.23,8,0.02
2023-04-02,Electronics,Camera,North,4143.77,1150.92,10,0.12
2023-08-19,Furniture,Bed,East,206.96,16.47,1,0.0
2023-11-13,Books,Dictionary,North,383.39,67.37,2,0.09
2023-12-18,Electronics,Camera,North,1936.66,308.74,5,0.12
2023-12-05,Books,Magazine,South,1129.82,267.42,9,0.24
2023-10-07,Electronics,Mobile,East,2877.29,151.89,6,0.26
2023-03-14,Books,Novel,North,3063.94,564.65,10,0.28
2023-06-06,Clothing,Jacket,South,3182.91,836.67,7,0.04
2023-04-05,Clothing,Shoes,East,300.08,65.34,4,0.17
2023-01-28,Toys,Board Game,North,1712.04,192.9,5,0.06
2023-10-25,Furniture,Sofa,East,1026.67,111.53,3,0.09
2023-02-05,Clothing,Jacket,West,1420.85,305.28,8,0.21
2023-03-20,Toys,Lego,East,2880.94,265.51,6,0.09
2023-04-24,Furniture,Sofa,East,1038.6,138.02,3,0.14
2023-08-17,Electronics,Tablet,West,650.16,137.44,9,0.02
2023-05-24,Clothing,Shoes,South,1860.51,384.48,5,0.22
2023-01-10,Toys,Car Toy,West,1221.25,72.25,10,0.08
2023-10-04,Furniture,Table,East,890.31,216.38,7,0.22
2023-05-29,Clothing,Dress,North,1362.59,71.74,7,0.07
2023-11-11,Clothing,Shoes,South,771.41,147.79,8,0.17
2023-03-16,Furniture,Sofa,North,1542.03,166.44,4,0.08
2023-04-30,Books,Textbook,East,1718.11,281.19,7,0.01
2023-11-29,Electronics,Laptop,East,1488.72,286.64,5,0.11
2023-07-13,Electronics,Camera,North,1266.85,371.4,9,0.07
2023-07-27,Electronics,Tablet,West,3566.74,184.22,8,0.26
2023-08-14,Clothing,Jeans,North,2959.82,304.5,9,0.06
2023-07-05,Toys,Car Toy,South,2865.54,659.26,7,0.14
2023-09-03,Furniture,Table,South,215.42,13.09,7,0.17
2023-03-24,Clothing,Shoes,North,904.95,82.88,10,0.28
2023-09-22,Furniture,Cabinet,North,2373.41,247.19,5,0.18
2023-08-30,Furniture,Table,South,2158.82,536.8,7,0.25
2023-04-04,Toys,Lego,East,1102.83,149.62,3,0.14
2023-10-30,Books,Textbook,West,584.24,31.63,7,0.16
2023-09-16,Furniture,Table,North,745.25,151.8,3,0.01
2023-09-30,Toys,Car Toy,North,2692.07,741.66,8,0.16
2023-01-01,Furniture,Cabinet,West,2639.49,592.33,6,0.13
2023-09-04,Furniture,Sofa,North,589.85,99.85,7,0.07
2023-02-12,Electronics,Camera,West,553.65,125.84,5,0.24
2023-10-23,Toys,Car Toy,North,2339.27,519.18,7,0.09
2023-07-05,Books,Textbook,West,1417.44,373.84,10,0.13
2023-07-07,Toys,Puzzle,West,873.4,214.81,4,0.14
2023-07-09,Toys,Lego,West,2472.42,480.67,5,0.23
2023-07-23,Clothing,T-Shirt,South,3167.14,909.96,8,0.03
2023-09-18,Furniture,Sofa,North,620.31,129.63,3,0.24
2023-03-16,Furniture,Cabinet,West,101.52,10.7,2,0.02
2023-01-20,Furniture,Bed,East,475.82,115.82,10,0.05
2023-09-11,Furniture,Chair,South,1415.55,82.67,9,0.18
2023-09-22,Clothing,Shoes,South,192.68,41.19,1,0.29
2023-02-14,Electronics,Headphones,East,1502.32,150.35,7,0.0
2023-12-27,Books,Novel,East,4132.84,566.3,9,0.29
2023-05-22,Clothing,Shoes,South,3730.1,722.62,8,0.08
2023-07-28,Toys,Car Toy,North,1451.17,416.13,9,0.24
2023-05-12,Toys,Lego,East,3869.65,738.3,8,0.23
2023-06-23,Furniture,Bed,North,606.47,40.57,8,0.19
2023-04-23,Clothing,Jacket,West,1607.53,84.28,6,0.25
2023-05-08,Electronics,Laptop,West,338.96,95.87,6,0.14
2023-07-01,Clothing,Shoes,East,1423.85,314.35,3,0.27
2023-09-13,Clothing,Jeans,South,596.27,60.04,5,0.07
2023-11-13,Electronics,Mobile,North,923.38,202.18,2,0.2
2023-11-11,Books,Dictionary,North,1585.39,204.28,8,0.27
2023-10-22,Electronics,Headphones,South,1390.75,146.76,9,0.17
2023-01-28,Toys,Board Game,West,320.67,43.87,9,0.26
2023-03-31,Furniture,Chair,West,2104.93,111.47,6,0.06
2023-10-25,Books,Comics,East,4336.84,419.75,10,0.08
2023-05-18,Furniture,Cabinet,East,649.67,101.34,6,0.13
2023-07-10,Electronics,Headphones,East,850.77,70.43,8,0.17
2023-04-28,Books,Comics,South,2047.19,297.29,9,0.04
2023-03-18,Furniture,Chair,South,1818.65,543.58,7,0.25
2023-09-22,Toys,Puzzle,West,702.34,185.86,5,0.01
2023-02-20,Clothing,T-Shirt,South,1243.69,258.02,5,0.13
2023-06-21,Electronics,Tablet,East,2588.36,653.57,9,0.1
2023-07-30,Books,Comics,South,2964.29,629.27,10,0.05
2023-05-26,Electronics,Tablet,West,3576.19,519.51,8,0.09
2023-11-20,Clothing,Jeans,East,2261.08,436.18,7,0.25
2023-02-06,Books,Textbook,East,681.89,145.42,4,0.21
2023-11-06,Furniture,Sofa,West,2273.94,409.84,6,0.14
2023-03-27,Clothing,T-Shirt,South,1351.08,385.21,4,0.21
2023-02-10,Clothing,Jeans,West,131.73,37.44,2,0.14
2023-01-28,Books,Magazine,North,291.95,25.93,2,0.2
2023-07-19,Electronics,Mobile,South,1163.59,94.95,5,0.16
2023-03-29,Books,Novel,East,2609.01,435.18,6,0.26
2023-05-20,Toys,Board Game,South,944.8,188.39,9,0.19
2023-11-22,Toys,Board Game,East,1507.16,160.94,6,0.03
2023-06-07,Electronics,Headphones,East,497.14,24.87,3,0.24
2023-03-11,Electronics,Tablet,West,215.93,60.57,9,0.28
2023-09-02,Electronics,Laptop,West,1532.81,381.96,5,0.16
2023-04-07,Furniture,Cabinet,West,979.65,224.08,7,0.19
2023-07-13,Clothing,Jacket,North,2241.09,401.5,7,0.24
2023-11-10,Electronics,Tablet,East,771.68,51.79,7,0.04
2023-02-26,Furniture,Cabinet,West,1781.13,308.13,5,0.1
2023-03-19,Books,Dictionary,North,1460.16,175.99,3,0.04
2023-08-13,Books,Textbook,North,81.2,8.47,3,0.13
2023-09-13,Electronics,Headphones,North,351.04,83.42,6,0.04
2023-05-17,Furniture,Chair,West,336.76,87.69,3,0.25
2023-01-07,Books,Textbook,West,1109.1,331.21,8,0.06
2023-02-18,Toys,Doll,West,2429.65,311.06,7,0.1
2023-11-19,Books,Dictionary,North,1254.95,156.5,5,0.11
2023-01-27,Clothing,T-Shirt,South,1230.37,113.0,7,0.08
2023-03-03,Furniture,Table,North,298.92,66.57,1,0.21
2023-03-21,Electronics,Laptop,South,779.88,172.73,3,0.1
2023-11-17,Books,Novel,East,1069.91,265.19,3,0.04
2023-04-30,Electronics,Camera,East,2975.45,164.66,8,0.11
2023-03-10,Electronics,Laptop,West,2306.66,428.31,8,0.15
2023-10-18,Clothing,Shoes,East,2229.32,264.91,6,0.25
2023-10-11,Clothing,T-Shirt,South,1295.38,150.05,8,0.11
2023-01-01,Toys,Board Game,South,317.47,44.77,1,0.19
2023-06-14,Books,Dictionary,West,1086.21,189.42,4,0.17
2023-11-10,Electronics,Tablet,West,438.14,79.22,6,0.02
2023-03-08,Clothing,T-Shirt,South,505.96,37.79,2,0.17
2023-07-18,Furniture,Cabinet,East,195.85,39.46,1,0.02
2023-04-17,Furniture,Chair,West,193.24,45.58,1,0.27
2023-07-08,Books,Dictionary,East,355.62,24.04,9,0.09
2023-04-21,Toys,Car Toy,North,1100.79,107.18,4,0.16
2023-05-08,Toys,Doll,West,775.63,150.58,2,0.2
2023-12-26,Furniture,Chair,South,851.95,150.09,3,0.2
2023-10-01,Toys,Board Game,East,1704.23,509.93,6,0.25
2023-07-31,Furniture,Sofa,South,2819.01,405.28,10,0.17
2023-05-11,Electronics,Headphones,West,140.66,8.25,7,0.09
2023-01-09,Toys,Doll,East,164.16,17.31,1,0.26
2023-01-12,Electronics,Camera,South,76.23,10.59,2,0.04
2023-07-07,Toys,Doll,South,2046.58,149.35,5,0.12
2023-04-22,Books,Comics,West,763.12,209.67,3,0.21
2023-02-18,Toys,Puzzle,North,2031.42,497.76,10,0.28
2023-06-21,Electronics,Headphones,West,875.0,93.34,2,0.2
2023-11-05,Books,Magazine,North,1358.52,176.38,5,0.17
2023-06-17,Toys,Doll,South,343.34,102.78,1,0.29
2023-11-01,Toys,Lego,North,909.32,224.23,4,0.04
2023-06-22,Books,Magazine,North,1904.51,135.73,9,0.15
2023-12-24,Clothing,Jeans,West,1035.83,154.16,9,0.17
2023-10-15,Toys,Lego,South,217.56,53.13,4,0.1
2023-10-22,Books,Novel,West,1367.3,133.48,7,0.1
2023-12-02,Books,Comics,South,1894.72,563.75,6,0.13
2023-03-16,Furniture,Chair,South,1395.89,124.23,4,0.22
2023-02-13,Books,Novel,South,4648.3,1241.97,10,0.25
2023-01-08,Electronics,Laptop,East,1969.37,261.87,8,0.22
2023-04-19,Clothing,Shoes,East,2266.67,526.96,9,0.04
2023-12-24,Books,Magazine,North,508.77,61.56,5,0.24
2023-11-13,Electronics,Laptop,West,51.97,11.18,1,0.2
2023-12-04,Electronics,Laptop,North,2181.79,463.31,5,0.07
2023-07-14,Toys,Car Toy,East,3488.41,638.0,8,0.06
2023-09-14,Furniture,Cabinet,North,138.75,25.3,1,0.1
2023-07-21,Clothing,T-Shirt,East,1143.49,143.6,6,0.3
2023-09-14,Electronics,Laptop,East,3131.75,794.57,7,0.01
2023-10-12,Electronics,Mobile,South,2703.86,579.26,6,0.03
2023-07-15,Toys,Lego,South,947.61,83.57,7,0.29
2023-11-06,Electronics,Headphones,South,1332.75,260.23,4,0.21
2023-04-14,Clothing,Jacket,South,3485.5,1024.54,7,0.04
2023-10-17,Clothing,Jacket,North,2482.39,570.6,9,0.06
2023-03-16,Books,Comics,West,1159.25,274.05,7,0.25
2023-11-23,Electronics,Mobile,South,166.28,9.4,2,0.3
2023-11-12,Electronics,Camera,South,1314.48,291.61,10,0.11
2023-12-19,Furniture,Table,West,649.85,95.44,6,0.14
2023-03-25,Clothing,Jeans,North,2708.85,145.61,7,0.08
2023-07-31,Clothing,Jeans,South,210.0,60.62,2,0.13
2023-11-12,Furniture,Sofa,West,900.91,219.87,4,0.18
2023-07-14,Electronics,Headphones,North,652.25,107.12,9,0.26
2023-05-06,Toys,Lego,West,287.7,51.51,1,0.19
2023-01-26,Clothing,Jacket,West,3111.58,757.42,7,0.09
2023-03-27,Furniture,Sofa,North,4083.88,677.49,9,0.19
2023-02-16,Toys,Car Toy,South,4701.64,1053.3,10,0.04
2023-07-31,Electronics,Headphones,North,713.3,195.55,3,0.27
2023-08-21,Books,Comics,East,1094.46,88.53,3,0.03
2023-08-19,Electronics,Laptop,West,2824.15,254.1,9,0.17
2023-01-23,Clothing,Jacket,South,1311.1,124.18,3,0.21
2023-08-03,Electronics,Tablet,West,1603.49,127.3,5,0.04
2023-04-14,Books,Dictionary,East,240.15,63.36,1,0.16
2023-01-03,Toys,Board Game,South,1210.62,204.51,4,0.12
2023-02-10,Toys,Lego,North,1773.76,212.01,4,0.19
2023-04-17,Books,Textbook,South,333.57,19.74,1,0.26
2023-12-08,Toys,Lego,East,2770.71,172.5,6,0.13
2023-04-02,Clothing,Jacket,South,3037.45,425.39,8,0.01
2023-06-03,Electronics,Tablet,West,768.1,200.34,2,0.02
2023-08-30,Clothing,T-Shirt,East,1637.91,296.73,6,0.21
2023-11-10,Books,Novel,North,2940.44,591.6,8,0.24
2023-12-28,Electronics,Headphones,East,1360.94,406.59,5,0.11
2023-03-08,Toys,Lego,West,3330.08,580.88,9,0.24
2023-11-09,Clothing,Jacket,South,76.74,12.76,1,0.24
2023-04-17,Toys,Board Game,West,180.22,34.26,1,0.19
2023-01-06,Clothing,Jacket,East,335.46,59.27,2,0.1
2023-01-04,Books,Comics,East,2573.97,525.09,7,0.01
2023-03-31,Clothing,Jacket,East,3678.07,916.99,8,0.19
2023-09-04,Clothing,Dress,East,3170.52,486.64,8,0.22
2023-09-24,Electronics,Camera,East,2495.03,254.66,9,0.21
2023-07-01,Books,Textbook,East,182.79,26.29,1,0.16
2023-03-26,Toys,Lego,West,917.08,244.08,3,0.23
2023-12-28,Electronics,Laptop,East,431.64,116.22,7,0.11
2023-06-04,Clothing,Shoes,East,221.61,54.57,3,0.23
2023-02-17,Furniture,Cabinet,North,3635.03,321.77,8,0.1
2023-09-05,Toys,Puzzle,East,1168.05,87.09,3,0.29
2023-09-22,Clothing,Jeans,North,1648.34,438.79,8,0.03
2023-06-09,Books,Dictionary,North,1464.6,90.12,6,0.16
2023-12-04,Electronics,Laptop,East,696.09,68.31,4,0.08
2023-06-13,Furniture,Chair,East,286.79,22.55,3,0.29
2023-10-14,Toys,Car Toy,South,1693.37,219.5,9,0.04
2023-12-27,Electronics,Camera,South,162.59,33.06,3,0.1
2023-08-16,Books,Textbook,North,3628.64,227.2,8,0.12
2023-02-14,Furniture,Bed,South,4478.12,928.62,10,0.21
2023-08-17,Toys,Puzzle,East,2474.23,564.68,6,0.2
2023-10-01,Books,Magazine,South,820.34,229.63,2,0.14
2023-08-22,Electronics,Headphones,West,1899.1,163.19,4,0.27
2023-05-13,Electronics,Headphones,South,2391.68,647.19,6,0.14
2023-01-16,Books,Magazine,North,1498.52,391.78,6,0.08
2023-06-28,Toys,Lego,South,624.67,158.91,9,0.24
2023-06-16,Toys,Car Toy,East,2171.41,429.14,9,0.07
2023-05-05,Toys,Doll,West,361.96,36.94,7,0.21
2023-08-09,Furniture,Cabinet,East,3178.66,296.48,9,0.2
2023-12-31,Toys,Board Game,North,3061.16,402.07,10,0.03
2023-08-16,Clothing,Jacket,West,614.33,136.0,2,0.18
2023-07-14,Electronics,Headphones,North,248.91,21.09,2,0.17
2023-11-22,Books,Textbook,South,2200.02,324.49,8,0.17
2023-04-11,Clothing,Jacket,East,4012.86,882.39,10,0.28
2023-08-11,Electronics,Laptop,North,4934.82,745.4,10,0.04
2023-05-31,Books,Comics,North,357.61,91.26,1,0.11
2023-05-25,Books,Textbook,West,2092.49,271.04,10,0.11
2023-07-15,Furniture,Cabinet,South,743.81,72.19,3,0.12
2023-07-04,Furniture,Table,East,253.36,17.21,3,0.0
2023-09-07,Furniture,Table,North,984.83,151.63,3,0.14
2023-12-23,Toys,Board Game,South,2116.15,397.86,8,0.14
2023-07-01,Clothing,Jeans,West,235.66,41.13,10,0.22
2023-12-31,Toys,Puzzle,West,2669.84,155.83,9,0.01
2023-09-05,Electronics,Laptop,West,176.4,41.07,2,0.3
2023-05-24,Furniture,Cabinet,North,4024.43,290.21,9,0.14
2023-12-06,Books,Dictionary,East,453.32,61.6,10,0.23
2023-08-29,Furniture,Cabinet,West,3722.31,577.9,10,0.29
2023-05-31,Electronics,Mobile,North,3797.24,879.98,10,0.17
2023-02-01,Furniture,Cabinet,South,447.78,133.26,10,0.24
2023-11-16,Books,Comics,West,161.75,11.2,2,0.24
2023-05-10,Clothing,Shoes,East,2158.86,115.61,5,0.03
2023-03-31,Toys,Doll,West,2446.58,282.12,6,0.21
2023-09-06,Clothing,Shoes,North,2954.13,862.12,6,0.18
2023-03-20,Furniture,Bed,West,1348.48,312.17,4,0.05
2023-10-23,Electronics,Laptop,East,90.42,15.01,2,0.14
2023-09-01,Toys,Doll,West,1734.62,149.68,7,0.26
2023-01-07,Electronics,Headphones,West,2889.88,637.85,6,0.01
2023-09-30,Electronics,Headphones,East,898.54,225.16,6,0.08
2023-10-27,Furniture,Bed,South,3898.39,701.66,10,0.2
2023-04-03,Electronics,Camera,North,419.21,22.21,1,0.03
2023-02-23,Furniture,Sofa,South,704.55,41.22,5,0.19
2023-01-30,Toys,Doll,North,122.93,24.73,2,0.11
2023-11-28,Toys,Doll,North,424.8,70.83,3,0.28
2023-11-24,Furniture,Sofa,West,861.13,211.13,6,0.08
2023-02-01,Furniture,Bed,East,143.95,36.45,1,0.05
2023-02-05,Furniture,Table,West,989.5,76.3,3,0.16
2023-08-09,Clothing,Shoes,North,2907.14,220.42,8,0.02
2023-10-20,Electronics,Headphones,North,731.6,153.7,8,0.28
2023-12-07,Furniture,Sofa,South,2725.3,527.78,6,0.15
2023-09-09,Furniture,Bed,West,558.52,28.39,2,0.29
2023-09-04,Books,Dictionary,East,2083.69,312.87,6,0.19
2023-11-28,Books,Comics,East,847.53,203.5,2,0.09
2023-04-14,Clothing,Shoes,North,2360.07,294.34,7,0.12
2023-02-24,Electronics,Headphones,North,2983.64,253.57,8,0.06
2023-10-31,Clothing,Dress,West,801.03,168.9,2,0.15
2023-08-19,Books,Novel,East,182.1,41.93,1,0.12
2023-04-19,Toys,Board Game,South,1318.33,89.66,10,0.22
2023-09-08,Books,Magazine,North,1426.49,117.88,4,0.05
2023-01-26,Electronics,Laptop,West,1019.31,201.58,10,0.25
2023-02-24,Books,Magazine,South,812.28,127.16,2,0.24
2023-12-14,Furniture,Sofa,North,2820.25,367.75,10,0.29
2023-04-20,Books,Dictionary,South,302.08,35.79,6,0.23
2023-03-28,Electronics,Camera,South,1095.6,214.19,8,0.04
2023-11-20,Toys,Board Game,South,442.22,31.04,1,0.0
2023-02-15,Toys,Puzzle,West,2818.66,286.21,8,0.19
2023-09-25,Furniture,Bed,South,939.17,55.79,3,0.05
2023-09-13,Toys,Car Toy,East,1326.1,251.2,6,0.06
2023-09-29,Books,Dictionary,East,2372.58,393.98,9,0.19
2023-04-17,Electronics,Laptop,South,804.75,178.1,2,0.29
2023-08-31,Furniture,Table,South,45.93,6.48,1,0.06
2023-05-09,Electronics,Camera,West,70.12,4.43,1,0.16
2023-03-22,Books,Magazine,North,899.28,207.15,2,0.18
2023-06-16,Furniture,Table,East,1575.63,207.25,4,0.03
2023-07-31,Clothing,Dress,South,492.15,84.21,2,0.27
2023-03-16,Clothing,Shoes,West,617.76,51.95,3,0.22
2023-11-20,Electronics,Tablet,South,486.37,108.49,6,0.02
2023-03-11,Books,Magazine,West,715.24,97.2,7,0.27
2023-11-06,Clothing,Shoes,South,4856.65,1280.95,10,0.03
2023-09-25,Furniture,Table,West,1232.02,286.45,8,0.22
2023-05-07,Clothing,Jacket,West,1267.55,357.28,10,0.28
2023-10-21,Books,Magazine,North,495.81,115.71,1,0.15
2023-08-06,Toys,Board Game,West,474.34,52.24,2,0.17
2023-01-07,Furniture,Table,South,971.88,205.95,6,0.03
2023-09-03,Electronics,Mobile,West,3786.98,212.46,10,0.14
2023-03-12,Furniture,Table,East,2862.98,144.13,8,0.19
2023-07-17,Electronics,Camera,North,1122.17,131.8,5,0.28
2023-10-05,Toys,Doll,North,4428.07,1035.9,10,0.02
2023-12-12,Electronics,Laptop,North,1368.39,280.22,7,0.11
2023-03-31,Toys,Car Toy,South,1473.0,161.53,3,0.03
2023-09-02,Toys,Doll,South,1135.81,132.71,6,0.2
2023-05-22,Books,Novel,East,1422.94,249.53,6,0.25
2023-08-29,Toys,Lego,East,2544.45,636.05,8,0.28
2023-02-03,Clothing,Dress,North,415.06,39.31,2,0.29
2023-02-09,Books,Textbook,East,709.2,123.46,2,0.26
2023-09-24,Books,Comics,West,4205.04,708.45,9,0.13
2023-11-27,Books,Comics,South,61.16,15.32,2,0.25
2023-09-24,Electronics,Headphones,East,1520.11,329.05,6,0.16
2023-10-08,Furniture,Bed,East,833.38,206.13,10,0.05
2023-05-14,Clothing,Dress,East,1947.4,120.41,5,0.11
2023-08-22,Clothing,Shoes,South,1412.27,414.22,9,0.25
2023-12-21,Clothing,Jeans,South,79.51,10.27,2,0.04
2023-05-14,Electronics,Mobile,South,3234.82,699.98,9,0.29
2023-03-17,Electronics,Headphones,South,1482.74,415.33,9,0.12
2023-09-13,Clothing,Dress,East,66.18,15.53,3,0.29
2023-06-19,Electronics,Headphones,East,3401.06,849.9,10,0.22
2023-08-15,Electronics,Laptop,West,86.92,16.32,1,0.09
2023-07-25,Toys,Doll,West,386.35,24.63,6,0.19
2023-10-26,Toys,Doll,East,123.29,22.76,4,0.13
2023-12-10,Books,Dictionary,West,1021.69,205.15,4,0.15
2023-01-29,Electronics,Headphones,South,1381.96,197.91,7,0.09
2023-06-29,Electronics,Headphones,North,1477.48,237.96,4,0.3
2023-08-15,Electronics,Mobile,West,608.95,119.84,7,0.03
2023-04-17,Electronics,Headphones,East,935.83,184.99,2,0.11
2023-01-04,Furniture,Sofa,West,860.37,195.79,3,0.23
2023-03-12,Clothing,Jeans,West,1429.28,86.55,5,0.25
2023-10-27,Electronics,Headphones,West,131.53,6.66,4,0.08
2023-11-24,Furniture,Chair,East,742.69,205.5,7,0.19
2023-01-15,Books,Comics,West,614.94,86.36,2,0.14
2023-08-12,Electronics,Headphones,North,1596.07,309.34,6,0.25
2023-03-25,Toys,Car Toy,South,1447.81,323.33,6,0.11
2023-01-28,Electronics,Tablet,West,260.3,32.0,6,0.19
2023-02-09,Toys,Doll,South,614.81,56.43,2,0.1
2023-06-11,Electronics,Tablet,East,553.04,76.27,2,0.04
2023-03-12,Toys,Puzzle,East,1742.06,488.17,8,0.05
2023-04-22,Clothing,Shoes,South,1606.6,304.71,4,0.21
2023-09-27,Toys,Lego,North,1687.25,116.59,7,0.25
2023-01-09,Furniture,Sofa,East,520.36,83.51,6,0.3
2023-09-25,Electronics,Mobile,East,377.34,30.05,1,0.04
2023-12-22,Clothing,Jeans,East,362.17,106.94,3,0.13
2023-02-27,Books,Novel,West,282.86,21.77,7,0.24
2023-09-20,Toys,Car Toy,West,912.19,55.48,2,0.09
2023-01-06,Books,Novel,South,4525.64,435.35,10,0.11
2023-02-16,Clothing,Jacket,East,582.41,102.01,6,0.22
2023-05-04,Toys,Lego,North,826.8,199.1,2,0.16
2023-04-09,Electronics,Mobile,North,927.26,259.74,2,0.26
2023-09-01,Electronics,Camera,South,2746.34,211.0,8,0.25
2023-07-14,Furniture,Table,South,519.16,153.75,7,0.04
2023-02-26,Toys,Doll,West,2149.63,406.89,6,0.01
2023-06-17,Furniture,Chair,West,1196.67,280.07,5,0.21
2023-08-16,Clothing,Shoes,West,2463.91,386.81,5,0.26
2023-09-01,Electronics,Mobile,North,2740.85,408.64,8,0.16
2023-12-13,Books,Novel,South,1486.1,293.71,7,0.03
2023-03-28,Books,Comics,South,696.76,181.86,6,0.12
2023-04-30,Furniture,Bed,East,3049.52,729.07,10,0.24
2023-07-24,Electronics,Headphones,West,2123.83,184.44,8,0.14
2023-03-04,Electronics,Headphones,West,1286.47,107.62,4,0.03
2023-01-28,Books,Magazine,North,610.99,134.3,3,0.05
2023-11-15,Toys,Car Toy,North,3495.91,867.62,9,0.06
2023-12-05,Furniture,Bed,East,1664.42,440.93,9,0.16
2023-01-17,Furniture,Chair,West,1367.91,197.09,8,0.14
2023-01-17,Clothing,Shoes,East,767.73,64.2,3,0.21
2023-09-07,Books,Dictionary,West,3140.82,606.34,9,0.14
2023-03-22,Toys,Car Toy,West,1287.26,376.8,5,0.19
2023-06-30,Electronics,Tablet,North,303.42,24.9,1,0.11
2023-10-26,Books,Comics,West,451.02,134.4,2,0.12
2023-01-29,Clothing,Jeans,South,1522.08,422.53,5,0.02
2023-06-06,Books,Comics,South,278.44,16.52,1,0.2
2023-08-05,Toys,Lego,West,148.97,24.94,5,0.01
2023-06-12,Furniture,Cabinet,West,1768.91,445.91,6,0.03
2023-12-12,Clothing,Jacket,West,3685.5,799.19,9,0.05
2023-06-03,Electronics,Headphones,South,2600.11,763.2,8,0.02
2023-10-02,Clothing,Jacket,East,162.71,31.46,1,0.24
2023-11-16,Books,Dictionary,North,1816.82,121.4,10,0.24
2023-09-01,Furniture,Table,East,665.48,83.49,2,0.24
2023-08-10,Toys,Puzzle,South,1491.73,307.66,7,0.14
2023-10-08,Clothing,T-Shirt,South,2596.18,558.7,10,0.25
2023-08-28,Electronics,Camera,West,3687.75,239.59,10,0.06
2023-08-25,Clothing,Jeans,South,2125.89,324.34,5,0.26
2023-02-02,Clothing,Dress,East,1650.5,188.34,5,0.18
2023-07-27,Clothing,T-Shirt,South,133.19,33.2,4,0.09
2023-09-06,Toys,Board Game,West,116.96,13.82,1,0.01
2023-05-23,Toys,Doll,North,3163.78,201.95,8,0.27
2023-06-10,Toys,Puzzle,North,3153.16,687.13,7,0.27
2023-07-23,Clothing,Jeans,North,3725.51,1055.19,10,0.16
2023-10-25,Toys,Puzzle,West,268.55,21.64,2,0.24
2023-06-18,Toys,Board Game,South,872.51,66.92,7,0.06
2023-05-21,Furniture,Bed,East,468.44,85.9,10,0.21
2023-02-27,Electronics,Camera,West,2781.72,809.0,8,0.26
2023-03-16,Electronics,Headphones,East,150.58,43.92,5,0.18
2023-12-06,Books,Textbook,East,1841.86,386.31,9,0.21
2023-12-17,Books,Dictionary,South,1651.73,458.27,8,0.12
2023-05-11,Electronics,Laptop,South,604.93,164.88,5,0.27
2023-11-20,Electronics,Headphones,North,2179.47,557.51,5,0.28
2023-08-30,Furniture,Sofa,West,831.42,186.75,2,0.15
2023-06-30,Furniture,Cabinet,East,2829.61,680.5,8,0.19
2023-04-05,Furniture,Table,North,812.25,102.66,7,0.17
2023-02-26,Clothing,Jeans,South,3491.62,866.48,10,0.1
2023-09-02,Clothing,Jacket,South,4168.49,1041.63,10,0.06
2023-08-01,Electronics,Mobile,West,3314.38,898.48,7,0.07
2023-01-12,Toys,Lego,South,975.16,97.09,2,0.21
2023-03-28,Books,Magazine,West,1448.76,104.7,10,0.11
2023-10-18,Books,Novel,West,3336.67,579.04,8,0.07
2023-04-15,Clothing,Jacket,East,1627.16,256.81,8,0.06
2023-04-21,Electronics,Mobile,West,648.27,56.07,3,0.09
2023-05-15,Clothing,Shoes,West,789.7,174.58,4,0.14
2023-01-06,Furniture,Table,East,2447.82,558.92,7,0.21
2023-11-02,Electronics,Laptop,North,433.81,57.79,9,0.07
2023-07-01,Toys,Lego,North,141.76,29.05,1,0.09
2023-07-22,Electronics,Mobile,North,1060.99,98.11,10,0.15
2023-06-23,Furniture,Table,North,2165.54,342.66,6,0.08
2023-06-10,Books,Textbook,West,1894.78,533.49,5,0.08
2023-05-15,Toys,Puzzle,East,3139.38,404.62,7,0.3
2023-03-19,Toys,Board Game,North,365.35,39.26,4,0.01
2023-05-14,Clothing,Dress,West,995.39,280.5,2,0.01
2023-07-02,Toys,Board Game,West,591.96,136.12,8,0.04
2023-06-28,Books,Textbook,East,1262.33,299.78,3,0.25
2023-10-16,Toys,Doll,North,3492.78,332.31,9,0.28
2023-05-07,Furniture,Chair,East,156.46,46.21,1,0.04
2023-07-11,Toys,Car Toy,East,101.58,16.77,3,0.21
2023-09-03,Furniture,Sofa,North,2912.94,623.49,6,0.29
2023-06-16,Toys,Doll,South,404.75,48.87,1,0.24
2023-02-06,Toys,Lego,West,422.9,39.97,2,0.29
2023-07-24,Books,Novel,South,619.44,93.29,3,0.19
2023-12-01,Clothing,T-Shirt,East,3236.23,757.19,8,0.28
2023-12-17,Toys,Doll,East,838.77,149.44,2,0.15
2023-07-18,Furniture,Sofa,West,766.23,193.66,2,0.18
2023-08-11,Furniture,Chair,North,1656.34,274.76,9,0.07
2023-12-18,Clothing,Dress,North,1223.73,85.41,5,0.24
2023-06-03,Clothing,Jeans,East,1084.34,134.32,4,0.01
2023-02-09,Books,Dictionary,North,2015.63,148.39,9,0.2
2023-10-19,Electronics,Tablet,East,592.49,104.2,10,0.03
2023-12-05,Furniture,Table,South,292.07,45.0,7,0.21
2023-06-10,Toys,Board Game,West,4077.6,551.84,10,0.28
2023-04-06,Clothing,Jeans,North,1444.72,315.46,10,0.13
2023-01-10,Books,Magazine,North,102.43,17.34,1,0.21
2023-12-03,Toys,Board Game,East,4103.04,837.78,10,0.21
2023-12-20,Furniture,Sofa,North,254.56,24.87,3,0.24
2023-12-23,Clothing,T-Shirt,South,2650.71,563.1,8,0.13
2023-11-17,Toys,Doll,North,1947.33,169.5,5,0.13
2023-03-01,Clothing,Jeans,West,1970.52,522.09,8,0.18
2023-04-14,Electronics,Camera,West,180.25,13.64,1,0.25
2023-08-10,Furniture,Bed,East,254.0,43.57,1,0.18
2023-11-10,Furniture,Table,North,262.16,50.89,9,0.17
2023-05-18,Furniture,Bed,North,2551.16,539.69,8,0.13
2023-08-12,Books,Textbook,East,980.94,156.49,4,0.15
2023-10-28,Electronics,Camera,West,1331.77,307.3,3,0.12
2023-08-02,Electronics,Headphones,South,1194.6,266.01,10,0.03
2023-09-05,Clothing,Jeans,South,932.28,70.13,3,0.12
2023-09-10,Electronics,Mobile,South,383.25,20.9,9,0.26
2023-07-02,Clothing,Jeans,North,364.23,28.59,2,0.07
2023-10-15,Clothing,Dress,East,2380.47,576.89,6,0.23
2023-10-13,Electronics,Mobile,North,464.78,74.11,1,0.14
2023-02-26,Books,Dictionary,North,361.31,27.59,9,0.19
2023-04-16,Electronics,Mobile,East,3085.94,538.8,8,0.26
2023-03-20,Electronics,Tablet,South,854.65,136.55,2,0.12
2023-01-04,Clothing,Dress,East,1312.05,93.56,5,0.11
2023-08-01,Electronics,Mobile,South,2001.84,214.29,9,0.24
2023-07-31,Furniture,Bed,East,232.44,56.38,1,0.22
2023-09-22,Books,Novel,East,1276.75,310.37,6,0.13
2023-07-21,Books,Textbook,North,4381.9,678.43,9,0.27
2023-12-25,Toys,Puzzle,East,142.76,17.12,6,0.16
2023-03-17,Furniture,Bed,South,2877.23,588.53,9,0.13
2023-06-26,Furniture,Table,East,75.49,10.09,2,0.22
2023-03-06,Toys,Lego,East,258.21,48.53,4,0.16
2023-11-22,Clothing,T-Shirt,North,2739.62,302.28,9,0.23
2023-08-05,Toys,Car Toy,North,868.1,153.55,6,0.04
2023-11-30,Books,Magazine,East,3736.92,610.19,10,0.29
2023-10-25,Toys,Lego,South,981.7,212.76,6,0.24
2023-10-21,Clothing,Dress,South,354.73,69.38,2,0.25
2023-07-04,Furniture,Chair,South,2923.55,206.07,7,0.02
2023-03-08,Furniture,Table,West,394.52,71.63,2,0.18
2023-09-23,Furniture,Sofa,West,3488.28,775.29,7,0.28
2023-08-02,Clothing,Jeans,South,2890.82,238.05,8,0.21
2023-09-28,Books,Textbook,West,285.21,25.44,8,0.17
2023-03-02,Toys,Board Game,North,394.8,48.32,2,0.16
2023-03-02,Electronics,Tablet,East,805.56,45.91,5,0.04
2023-10-29,Furniture,Chair,East,617.4,157.3,5,0.15
2023-03-04,Toys,Puzzle,North,220.44,42.6,1,0.17
2023-06-22,Furniture,Bed,South,786.86,130.02,3,0.13
2023-08-18,Clothing,Jacket,North,3389.61,516.6,10,0.07
2023-07-22,Electronics,Camera,North,2985.91,631.46,8,0.26
2023-12-29,Books,Dictionary,East,2967.09,625.99,9,0.03
2023-11-13,Toys,Lego,North,2704.42,642.68,10,0.15
2023-01-10,Books,Dictionary,South,151.98,15.42,1,0.25
2023-10-24,Furniture,Chair,East,2118.68,366.25,7,0.28
2023-06-24,Furniture,Table,West,432.63,55.96,1,0.08
